20_reviews_finances_monthly,frequency,percentage,cumulative_perc
yes,79,0.4619883040935672,0.4619883040935672
--,63,0.3684210526315789,0.8304093567251462
no,29,0.1695906432748538,1.0
