19_tax_id,frequency,percentage,cumulative_perc
--,71,0.4152046783625731,0.41520467836257313
yes,70,0.4093567251461988,0.8245614035087719
no,30,0.17543859649122806,1.0
