310_burnout,frequency,percentage,cumulative_perc
no,68,0.39766081871345027,0.39766081871345027
--,64,0.3742690058479532,0.7719298245614035
yes,39,0.22807017543859648,1.0
