186_internet_connection,frequency,percentage,cumulative_perc
yes,76,0.4444444444444444,0.4444444444444444
--,63,0.3684210526315789,0.8128654970760234
no,32,0.1871345029239766,1.0
