33_credit_to_customers,frequency,percentage,cumulative_perc
no,80,0.4678362573099415,0.4678362573099415
--,64,0.3742690058479532,0.8421052631578947
yes,27,0.15789473684210525,1.0
