227_agreement_ecommerce_platforms,frequency,percentage,cumulative_perc
no,88,0.5146198830409356,0.5146198830409358
--,73,0.4269005847953216,0.9415204678362573
yes,10,0.05847953216374269,1.0
